i7_Index_Name,i7_Bases_for_MiSeq,i5_Index_Name,i5_Bases_for_MiSeq
N701,TAAGGCGA,S501,TAGATCGC
N702,CGTACTAG,S502,CTCTCTAT
N703,AGGCAGAA,S503,TATCCTCT
N704,TCCTGAGC,S504,AGAGTAGA
N705,GGACTCCT,S505,GTAAGGAG
N706,TAGGCATG,S506,ACTGCATA
N707,CTCTCTAC,S507,AAGGAGTA
N708,CAGAGAGG,S508,CTAAGCCT
N709,GCTACGCT,S510,CGTCTAAT
N710,CGAGGCTG,S511,TCTCTCCG
N711,AAGAGGCA,S513,TCGACTAG
N712,GTAGAGGA,S515,TTCTAGCT
N714,GCTCATGA,S516,CCTAGAGT
N715,ATCTCAGG,S517,GCGTAAGA
N716,ACTCGCTA,S518,CTATTAAG
N718,GGAGCTAC,S520,AAGGCTAT
N719,GCGTAGTA,S521,GAGCCTTA
N720,CGGAGCCT,S522,TTATGCGA
N721,TACGCTGC,,
N722,ATGCGCAG,,
N723,TAGCGCTC,,
N724,ACTGAGCG,,
N726,CCTAAGAC,,
N727,CGATCAGT,,
N728,TGCAGCTA,,
N729,TCGACGTC,,