[Header],
FileFormatVersion,2
RunName,XResXX
InstrumentPlatform,NovaSeqXSeries
IndexOrientation,Forward

[Reads]
151
151
10
10

[Sequencing_Settings]
LibraryPrepKits,IlluminaDNAPrep

[BCLConvert_Settings]
SoftwareVersion,4.3.16
AdapterRead1,CTGTCTCTTATACACATCT
AdapterRead2,CTGTCTCTTATACACATCT
OverrideCycles,Y151;I10;I10;Y151
FastqCompressionFormat,gzip
GenerateFastqcMetrics,true

[BCLConvert_Data]
Lane,Sample_ID,Index,Index2
1,WWKK2426-110,GAACTGAGCG,TCGTGGAGCG
2,WWKK2426-111,AGGTCAGATA,CTACAAGATA
3,WWKK2426-130,CGACATCCGA,TACGTTCATT
4,WWKK2426-131,ATTCCATAAG,TGCCTGGTGG
5,WWKK2426-150,CACAATAGGA,TCCATCCGAG
6,WWKK2426-151,AACATCGCGC,GTCCACTTGT
7,WWKK2426-170,CTAGTGCTCT,TGGAACAGTA
8,WWKK2426-171,GATCAAGGCA,CCTTGTTAAT
1,WWKK2428-110,GACTGAGTAG,GTTGATAGTG
2,WWKK2428-111,AGTCAGACGA,ACCAGCGACA
3,WWKK2428-130,CCGTATGTTC,CATACACTGT
4,WWKK2428-131,GAGTCATAGG,GTGTGGCGCT
5,WWKK2428-150,CTTGCCATTA,ATCACGAAGG
6,WWKK2428-151,GAAGCGGCAC,CGGCTCTACT
7,WWKK2428-170,TCCATTGCCG,GAATGCACGA
8,WWKK2428-171,CGGTTACGGC,AAGACTATAG
1,WWKL2443-110,GAGAATGGTT,TCGGCAGCAA
2,WWKL2443-111,AGAGGCAACC,CTAATGATGG
3,WWKL2443-130,CCATCATTAG,GGTTGCCTCT
4,WWKL2443-131,GATAGGCCGA,CGCACATGGC
5,WWKL2443-150,ATGGTTGACT,GGCCTGTCCT
6,WWKL2443-151,TATTGCGCTC,CTGTGTTAGG
7,WWKL2443-170,ACGCCTTGTT,TAAGGAACGT
8,WWKL2443-171,TTCTACATAC,CTAACTGTAA
